Title,Description
The Try Guys Rewind 2018,"The guys reflect on the crazy, exciting year that was 2018. They discuss launching their new independent channel and interview their amazing staff about what it was like to work at 2nd Try, LLC dur..."
The WORST Steaks Served On Kitchen Nightmares,Unmisteakably the worst.If you liked this clip check out the rest of Gordon's channels:http://www.youtube.com/gordonramsayhttp://www.youtube.com/thefwordhttp://www.youtube.com/kitchennightmar...
Juventus 2-1 Sampdoria | Ronaldo Double as Unbeaten Run Continues! | Serie A,"Cristiano Ronaldo scored a brace against Sampdoria to continue his team‚Äôs unbeaten run in Serie A.This is the official channel for the Serie A, providing all the latest highlights, interviews, ne..."
1 mil,"Shot, Directed, and edited by  https://www.instagram.com/papasharks/?hl=entire Jack black Instagram https://www.instagram.com/jackblack/?hl=enThis kid is a leprechaun https://www.instagram.com/..."
ROAD TO BLUE? IRON MAN CHALLENGE #17! - Brock Complete! + New Brawler Box Opening! Brawl Stars,
Leon Rushing The Middle Challenge! - Feast or Famine Gameplay! - Leon Tips & Tricks - Brawl Stars,
BRAWLER TECH! - Hidden Mechanics That Will Help You Win More! - Brawl Stars Tips For Beginners!,
The 10 BEST Ways To GAIN TROPHIES FAST In Brawl Stars! -Trophy Pushing Tips & Tricks For Beginners!,
My Dream Proposal!,Videographer- @jaredwortleyfilmsjaredwortleyfilms.comPhotographer-@missyanderichttps://missyanderic.comProposal Planning Company-@theyesgirlshttps://theyesgirls.com---Oscar's Channel-http...
CATCHING GOLF BALLS OFF 165m DAM!,"More crazy challenges from Luzzone Dam, Switzerland! Fore!SUBSCRIBE ‚û§ http://bit.ly/SubHowRidiculousBUY NEW MERCH ‚û§ http://tidd.ly/8b33c00bSOCIALSInstagram ‚û§ (@HowRidiculous): http://bit.ly/Fo..."
Kam & Mirah- A's & B's (Official Video),Merch : http://stoopidflyclothing.com/iTunes: https://itunes.apple.com/us/album/as-bs/1446633041?i=1446... instagram: @ThaBadKidsBusiness loginsavage@gmail.com
BTS Special | Î∞©ÌÉÑÏÜåÎÖÑÎã® Ïä§ÌéòÏÖú [2018 KBS Song Festival / 2018.12.28],"* 2018 KBS Song Festival Play List  https://www.youtube.com/playlist?list=PLMf7VY8La5RHDcwdIW... * MC : Chanyeol(EXO), Dahyun(TWICE), JIN(BTS)- LIVE Dec 28, 20:30 (Seoul,UTC+9) - ..."
SPARKLY BLACK NYE SMOKEY EYES In-Depth Makeup Tutorial,"When I think of a New Year‚Äôs Eve makeup look, the first things that come to mind are a black smokey eye and GLITTER!!! Today I‚Äôm showing you how to create this gorgeous NYE glam look in an in-depth..."
Top 5 Fan Favorite GMM Episodes (2018),
Everything Wrong With The Meg In 16 Minutes Or Less,The Meg is fine. It's fine. It's totally fine. It's a movie with a shark the size of a submarine. Some people love that sh*t. Others do not. Regardless... like all movies... The Meg has sins. So we...
we're pregnant,We've spoken about this topic on our podcast but a lot of people seem confused so we thought we'd make an announcement video here to clarify that we are indeed pregnant with little baby fupachino....
My Stepmother Hated Me So I Had To Move Out,"‚òÖ Subscribe ACTUALLY HAPPENED https://bit.ly/2J5HP7j This is Monica, and her stepmother hated her so much she had to move out. But let‚Äôs start from the beginning.Monica‚Äôs mom died when she was ..."
College Kids React To Top 10 Google Searches 2018 (Year In Review),
"DDG - ""Run It Up"" ft. YBN Nahmir, Blac Youngsta, G Herbo **TRAILER**",WATCH FULL Music Video OUT NOW: https://www.youtube.com/watch?v=-GWUzr4SJ7I
The 2019 Ford Ranger Is the Return of the Ranger to the USA,"GO READ MY COLUMN! http://autotradr.co/OversteerThe 2019 Ford Ranger is the revival of the Ford Ranger name. The Ford Ranger is back in the United States, and today I'm reviewing the 2019 Ford Ra..."
Rae Sremmurd Plays Truth or Dab | Hot Ones,"Swae Lee and Slim Jxmmi‚Äîthe two brothers who make up the hip-hop duo Rae Sremmurd‚Äîhave two simple choices in this extra-spicy Hot Ones spinoff: Tell the truth, or suffer the pain of the Last Dab. W..."
Hair by Lourdes | My Dream Quincea√±era - Brianna EP4,Just Do It | My Dream Quincea√±era - Brianna EP3 - https://bit.ly/2GtXOPTMeet Brianna! | My Dream Quincea√±era - Brianna EP1 - https://bit.ly/2RVPOZgTurning 15 is a rite of passage and becomes a m...
Can You Spot The Notch?,"The Mi Mix 3 is the latest flagship from Xiaomi. It features a large display with almost no bezel. Unlike other flagship smartphones the Xiaomi Mi Mix 3 has no notch, instead it uses a sliding mech..."
Emmanuel Hudson Gets Schooled On Santa‚Äôs Ho‚Äôs Ho‚Äô Ho‚Äôs üéÖüèª | Wild 'N Out | #SoFly,"Who‚Äôs flyer, Nick Cannon or Santa Claus? Both squads square up to get down to the bottom of it! üéÖ#SoFly #WNOTHROWBACK #WildNOut #MTVSubscribe to stay updated on the newest content! http://goo.g..."
Black Mirror: Bandersnatch | Official Trailer [HD] | Netflix,"Black Mirror: Bandersnatch. In 1984, a young programmer begins to question reality as he adapts a sprawling fantasy novel into a video game and soon faces a mind-mangling challenge. Welcome back...."
Ninja Answers the Web's Most Searched Questions | WIRED,"Tyler ""Ninja"" Blevins takes the WIRED Autocomplete Interview and answers the internet's most searched questions about himself. How much money does Ninja make in a year? Does Ninja ever lose at Fort..."
The LARGEST CHINATOWN in Asia! STREET FOOD Tour of Yokohama Chinatown,I went to Yokohama Chinatown one of the largest Chinatowns in Asia! There are so many Chinese restaurants everywhere you go so you won't be feeling hungry walking around the colorful streets of Yok...
"This Beautiful Rendition Of Cher's ""Believe"" Is Adam Lambert's Gift To Us All","To recognize Cher at the 2018 Kennedy Center Honors, Adam Lambert wows the crowd with his version of her iconic pop hit ""Believe."" Stream the 41st Annual Kennedy Center Honors now on CBS All Access."
Top 10 WORST Movies 2018,The last video of 2018. Here is my list of the Top 10 WORST movies of 2018. Enjoy!
Which Celebrity Has The Best Chocolate Chip Cookie Recipe?,"Credits: https://www.buzzfeed.com/bfmp/videos/73419Subscribe to Tasty: https://bzfd.it/2ri82Z1About Tasty:The official YouTube channel of all things Tasty, the world's largest food network. Fr..."
When the music video doesn't match the song,Subscribe to LoveLiveServe: http://bit.ly/Sub2LoveLiveServeWATCH OUR VLOGS HERE: http://bit.ly/loveliveservevlogsGET THE NEW LLS MERCH BELOW!LINK: https://teespring.com/stores/LoveLiveServeA...
Doctor FAILS Idiot Test | Wednesday Checkup,"Doctors aren't mental maestros on every topic!  In this video, watch me dabble with random ""idiot tests"" that I find around the interwebs :)- Doctor Mike VarshavskiPlease SUBSCRIBE for new v..."
We RECOMMEND Walmart's gaming laptop!!,Check out Memory Express at https://www.memoryexpress.com/Buy the Elgato Stream Deck Mini on Amazon at https://lmg.gg/8KVKqBuy the Elgato Stream Deck Mini on Newegg at https://lmg.gg/8KVKHAs o...
Live PD: Respectful Liar (Season 3) | A&E,"Officers respond to a situation involving a man attempting to break into his stepfather's house using a knife, but finding out what really happened proves difficult when the subject tells a differe..."
"Nick Cannon on Wendy Williams Calling His Youngest Son an ""Oops Baby"" (Part 3)",Nick Cannon shared his thoughts on drug use being glorifed today and it being fashionable to look strung out. He added that while Lean was cool several years ago and everyone was seen with a double...
Cities at Sea: How Aircraft Carriers Work,Sign up for free at http://Brilliant.org/WendoverThe first 200 to use that link will also get 20% off their annual premium subscriptionSubscribe to Half as Interesting (The other channel from We...
"Michael Rapaport credits Lakers' Christmas win to 'scrappy, tough' young players | NBA | UNDISPUTED",Michael Rapaport joins Skip Bayless and Shannon Sharpe on the show today to talk NBA. Hear his take on the Golden State Warriors and Los Angeles Lakers Christmas Day showdown and what the Lakers co...
Lakers aren't good enough to win without LeBron James - Max Kellerman l First Take,"ax Kellerman and Ryan Hollins debate if the Los Angeles Lakers can continue winning without LeBron James, who is sidelined because of strained groin that happened during the Lakers' win over the Go..."
Tati's $20 Makeup Challenge,"Today I'm taking on one of my Classic Videos, this time without the Big Hair!xo's ~ Tati üòá HALO Before & After PHOTOS HERE ¬ª ¬ª ¬ª https://halobeauty.com/pages/halo-glow‚úî  V I D E O S   M E N T ..."
Joey Graceffa - KINGDOM (Official Music Video),"""KINGDOM"" AVAILABLE FOR DOWNLOAD AND STREAM EVERYWHERE! PRE-ORDER THE ALBUM & RECEIVE THE SINGLE INSTANTLY. üéµ ITUNES/APPLE MUSIC: https://itunes.apple.com/us/album/kingdom-ep/1447415398üéµ SPOTIFY..."
Erika Costell - Dynamite (Official Lyric Video),"I wrote and recorded this song months ago‚Ä¶Although the situation is very different now, and this part of my life is over‚Ä¶writing this song was one of most powerful things I‚Äôve ever done because it ..."
James Harden isn‚Äôt a top-5 player in the NBA ‚Äì Max Kellerman | First Take,Max Kellerman defends his position that James Harden is the seventh-best player in the NBA. ‚úî Subscribe to NBA on ESPN on YouTube: http://bit.ly/2yxs3Og‚úî Subscribe to ESPN on YouTube: http://es....
Leicester City v. Man City | PREMIER LEAGUE EXTENDED HIGHLIGHTS | 12/26/2018 | NBC Sports,Leicester City came back from a goal down to earn a surprising upset over Man City. #NBCSports #PremierLeague #Leicester #ManCity¬ª Subscribe to NBC Sports: https://www.youtube.com/nbcsports¬ª Watc...
Why monks had that haircut,"There was a lot of thought behind the style ‚Äî and controversy.Subscribe to our channel! http://goo.gl/0bsAjOWhat was the deal with that monk haircut? In this episode of Vox Almanac, Phil Edward..."
Trippie Redd - Whats My Name ? [Produced by: ozmusiqe],merry bhristmas ! Say my name
Us - Official Trailer [HD],"UsIn Theaters March 15, 2019https://www.UsMovie.comAfter sending shockwaves across contemporary culture and setting a new standard for provocative, socially-conscious horror films with his dire..."
BLACKPINK - 'SOLO' + 'ÎöúÎëêÎöúÎëê(DDU-DU DDU-DU)' + 'FOREVER YOUNG' in 2018 SBS Gayodaejun,"Copyright‚ìí2018 SBS Contents Hub Co., Ltd. & YG Entertainment Inc. All rights reserved.Download on iTunes @ http://smarturl.it/BP_SquareUp/itunesDownload on AppleMusic @ http://smarturl.it/BP_Sq..."
"Chris Broussard reacts to Lakers route of Warriors, LeBron's injury | NBA | FIRST THINGS FIRST","Chris Broussard joins Cris Carter and Nick Wright to discuss the Los Angeles Lakers win against the Golden State Warriors on Christmas Day. Also, hear what they had to say about LeBron James leavin..."
"AJ Styles attacks Mr. McMahon: SmackDown LIVE, Dec. 25, 2018","When the WWE Chairman wants to see a different side of him, The Phenomenal One gives him what he wants.#SDLiveGET YOUR 1st MONTH of WWE NETWORK for FREE: http://wwenetwork.com-----------------..."
"HAZBIN HOTEL -(CLIP)- ""Something Rotten""",PENTIOUS SHIRTS NOW AVAILABLE: https://sharkrobot.com/collections/hazbin-hotelPATREON: https://www.patreon.com/VivienneMedranoPlease consider supporting the show on Patreon or by buying a bit of...
Lilly Singh - Something's In Our House! | storybooth Stars,"By Lilly Singh  |  Subscribe: http://bit.ly/sub2storybooth | Record your story @ https://storybooth.com or our iPhone app for a chance to get animated. Comment, like, share this story.You all kno..."
Melting Every Candle From Bath & Body Works Together,"Merry Christmas Eve, y'all! Here is a weird video we made where I melt every candle from Bath & Body Works together. I figured - it's worked for a myriad of makeup products like lipsticks and eyesh..."
Marvel Studios‚Äô Captain Marvel | ‚ÄúBorn Free‚Äù TV Spot,"This March, everything begins with a hero. See Marvel Studios‚Äô Captain Marvel in theaters March 8, 2019. ‚ñ∫ Subscribe to Marvel: http://bit.ly/WeO3YJFollow Marvel on Twitter: ‚Ä™https://twitter.co..."
5 Kitchen Gadgets put to the Test Part 27,Blast Off Windshield De-Icer - https://youtu.be/Q0AhkmGai107 Egg Gadgets put to the Test - https://youtu.be/V0PwuFJ9_AESubscribe to: 2nd channel - https://www.youtube.com/user/origami768insta...
"Hello, Jack Black Here.","I am proud to announce the launch of my new channel ""Jablinski""This channel will have games, food, and life.Shot, Directed, and edited by  https://www.instagram.com/papasharks/?hl=entire Jack..."
PANCAKE ART CHALLENGE Mystery Wheel 2 & Learn How To Make Diy Avengers & Aquaman Art,We‚Äôre back for the pancake art challenge 7 with another mystery wheel switch up game twist! This  time you'll learn how to make a whole bunch of amazing pancakes from the avengers and aquaman. Panc...
Package Thief vs. Glitter Bomb Trap,This might be my Magnum Opus. Please see my comments below with regards to reports the video was partially faked.  Go to https://NordVPN.com/MarkRober and use code MARKROBER to get 75% off a 3 year...
21 Savage - A Lot (Official Audio),"Listen to the official audio of ""A Lot"" by 21 Savage.Subscribe to 21 Savage's official channel for exclusive music videos and behind the scenes footage: http://bit.ly/Subscribe-to-21SavageFollo..."
Cardi B Carpool Karaoke,"Cardi B hops in the car with James Corden for a Carpool Karaoke through Los Angeles singing her biggest songs, discussing growing up in the Bronx and the subtle art of ASMR. And James encourages Ca..."
"Post Malone - ""Wow.""","""Wow."" by Post Malone. Song available here: http://postmalone.lnk.to/wowYDAnimation, Design & Direction: Jaime Restrepo (@jaimerestrepo77)Follow Post Malonehttps://twitter.com/postmalone http..."
Home Alone Again with the Google Assistant,"Even Kevin McCallister needs a little help. Add aftershave to your shopping list, set reminders, and fend off bandits, hands-free: https://assistant.google.comAnd for a limited time, try these Ho..."
What my trip to Japan was like,"konichiwa :3calso i tried to keep the video under 10 mins but i just couldn't so sorry about that, hopefully it's not too long for ur viewing pleasureThanks to  Hannah for voicing the Japanese ..."
Reading Your Christmas Stories,Merry Christmas everyone! Edited by: https://www.youtube.com/user/TheMadz2012
Kong: The 150lb Pitbull Puppy Set To Outgrow Hulk | DOG DYNASTY,"SUBSCRIBE to Barcroft Animals: http://bit.ly/2ceCJY0MEET King Kong, the giant 150lb puppy set to outgrow even his supersized pit bull father, internet legend the Hulk. At just over a year old, th..."
Steelers vs. Saints Week 16 Highlights | NFL 2018,The Pittsburgh Steelers take on the New Orleans Saints during Week 16 of the 2018 NFL season.Subscribe to NFL: http://j.mp/1L0bVBuCheck out our other channels:NFL Vault http://www.youtube.com/...
La Romana FT El Alfa - Bad bunny | X 100PRE,La Romana FT El Alfa - Bad Bunny-Click para suscribirte: http://bit.ly/badbunnyprSpotify: http://spoti.fi/2xQk6CXApple Music: http://apple.co/2f52tr9Follow Me / Sigueme en: Instagram: http...
"Amigos (Ep. 3) | Lele Pons, Rudy Mancuso, Juanpa Zurita, Hannah Stocking & Anwar Jibawi",WATCH MORE AMIGOS ‚ñ∂ https://www.youtube.com/playlist?list=PLmjMRs-v1tgTq6btTO...SUBSCRIBE HERE ‚ñ∂ http://www.youtube.com/channel/UCi9cDo6239RAzPpBZO9y5SA?s...THANKS FOR...
YoungBoy Never Broke Again - Survivor (Official Audio),"YoungBoy Never Broke Again - Survivor (Official Audio)""Realer"" available now! Stream/Download: https://youngboynba.lnk.to/realerIDSubscribe for more official content from YoungBoy NBA: https://..."
MEN IN BLACK: INTERNATIONAL - Official Trailer,"The universe is expanding. üï∂Ô∏è Watch the trailer for #MIBInternational, in theaters summer.https://www.meninblack.com/ Follow Us on Social:https://www.facebook.com/meninblackhttp://www.instagr..."
Match Outfit to Person (Aunjoli) | Lineup | Cut,
A Boogie Wit Da Hoodie - Come Closer feat Queen Naija [Official Audio],A Boogie Wit Da Hoodie - Come Closer feat Queen Naija [Official Audio]Hoodie SZN by A Boogie is out now!Stream/Download - https://ABoogie.lnk.to/hoodiesznSubscribe for more official content f...
Pastry Chef Attempts to Make Gourmet Snickers | Gourmet Makes | Bon App√©tit,
Sandra Bullock & Blake Shelton Play '5 Second Rule',"Ellen put together the unlikely duo of Sandra Bullock and Blake Shelton to face off in a game of ""5 Second Rule."" Find out what the Oscar winner does after her kids go to bed, and which of Sandra B..."
Skiing Stereotypes | Dude Perfect,
"Hellboy (2019 Movie) Official Trailer ‚ÄúSmash Things‚Äù ‚Äì David Harbour, Milla Jovovich, Ian McShane","Hellboy ‚Äì In theaters April 12, 2019. Starring David Harbour, Milla Jovovich, Ian McShane, Daniel Dae Kim, and Sasha Lane.Subscribe to the LIONSGATE YouTube Channel for the latest movie trailers,..."
VADER EPISODE 1: SHARDS OF THE PAST - A STAR WARS THEORY FAN-FILM,"VADER EPISODE 1: SHARDS OF THE PAST - Star Wars Theory FanFilmAnakin Skywalker is DEAD.For eight months, the mysterious Darth Vader has enforced the Emperor's commands. Fighting between the loss..."
